count,mean,std,min,p50,p90,p95,max
40520.0,2.3509871668311946,0.6549735589128484,1.0,2.0,3.0,4.0,4.0
