primary_genre,docs,mean,std,min,max,median,p10,p25,p50,p75,p90,p95
social_media,35715,81.37930841383172,72.21869504892092,1,489,60.0,12.0,26.0,60.0,115.0,195.0,233.0
news,26927,75.66984810784714,61.892483008303905,1,406,58.0,16.0,31.0,58.0,100.0,170.0,199.0
literature,13835,193.6622334658475,208.09532237261644,9,2044,127.0,100.0,106.0,127.0,211.0,362.0,431.0
blog,6258,167.2981783317354,305.130890098944,1,2087,61.0,7.0,17.0,61.0,111.0,569.3000000000002,799.0
media_reviews,5377,57.12534870745769,58.30014178201166,2,800,31.0,8.0,15.0,31.0,87.0,153.0,174.0
ecommerce_reviews,4810,44.38461538461539,42.22350510992223,3,434,31.0,9.0,17.0,31.0,57.0,100.0,124.0
poetry,1967,152.69649211997967,180.68352447070396,15,2002,114.0,64.0,101.0,114.0,130.0,253.0,378.4999999999991
research_paper,373,137.10187667560322,165.07320084209175,5,1307,81.0,22.400000000000006,49.0,81.0,138.0,365.6000000000003,555.9999999999999
