model,overall,macro_avg,ar,de,en,es,fr,hi,ja,ko,ru,zh
tfidf,0.2361111111111111,0.2596567997729523,0.2074074074074074,0.09230769230769231,0.34055944055944054,0.24299065420560748,0.2,0.1,0.3333333333333333,0.3917525773195876,0.11678832116788321,0.5714285714285714
