model,overall,macro_avg,ar,de,en,es,fr,hi,ja,ko,ru,zh
tfidf,0.49691358024691357,0.5311965264490938,0.48148148148148145,0.7692307692307693,0.4246575342465753,0.4752475247524752,0.6612903225806451,0.625,0.5294117647058824,0.4782608695652174,0.47368421052631576,0.3937007874015748
