model,overall,macro_avg,ar,de,en,es,fr,hi,ja,ko,ru,zh
tfidf,0.21707818930041153,0.24924273598444208,0.15343915343915343,0.2153846153846154,0.2054794520547945,0.18811881188118812,0.25806451612903225,0.425,0.35294117647058826,0.2608695652173913,0.16541353383458646,0.2677165354330709
