model,overall,macro_avg,ar,de,en,es,fr,hi,ja,ko,ru,zh
tfidf,0.33409756973112104,0.3710762289692973,0.2945587409062324,0.4545008764022288,0.27168589984927255,0.3128909081284376,0.4260087975983159,0.5199266442079982,0.4565799710084068,0.35082478390056304,0.2987375066713296,0.3250481610201886
