model,overall,macro_avg,ar,de,en,es,fr,hi,ja,ko,ru,zh
tfidf,0.3888888888888889,0.4321473476533355,0.3439153439153439,0.5692307692307692,0.3424657534246575,0.3564356435643564,0.532258064516129,0.575,0.5294117647058824,0.3804347826086957,0.3458646616541353,0.3464566929133858
